Rank,Title,Google Query URL
1,The Shawshank Redemption,https://www.google.com/search?&q=the+shawshank+redemption+watch+movie
2,The Godfather,https://www.google.com/search?&q=the+godfather+watch+movie
3,The Dark Knight,https://www.google.com/search?&q=the+dark+knight+watch+movie
4,The Godfather Part II,https://www.google.com/search?&q=the+godfather+part+ii+watch+movie
5,12 Angry Men,https://www.google.com/search?&q=12+angry+men+watch+movie
6,The Lord of the Rings: The Return of the King,https://www.google.com/search?&q=the+lord+of+the+rings+the+return+of+the+king+watch+movie
7,Schindler's List,https://www.google.com/search?&q=schindlers+list+watch+movie
8,Pulp Fiction,https://www.google.com/search?&q=pulp+fiction+watch+movie
9,The Lord of the Rings: The Fellowship of the Ring,https://www.google.com/search?&q=the+lord+of+the+rings+the+fellowship+of+the+ring+watch+movie
10,"The Good, the Bad and the Ugly",https://www.google.com/search?&q=the+good+the+bad+and+the+ugly+watch+movie
11,Forrest Gump,https://www.google.com/search?&q=forrest+gump+watch+movie
12,The Lord of the Rings: The Two Towers,https://www.google.com/search?&q=the+lord+of+the+rings+the+two+towers+watch+movie
13,Fight Club,https://www.google.com/search?&q=fight+club+watch+movie
14,Inception,https://www.google.com/search?&q=inception+watch+movie
15,Star Wars: Episode V - The Empire Strikes Back,https://www.google.com/search?&q=star+wars+episode+v+-+the+empire+strikes+back+watch+movie
16,The Matrix,https://www.google.com/search?&q=the+matrix+watch+movie
17,GoodFellas,https://www.google.com/search?&q=goodfellas+watch+movie
18,One Flew Over the Cuckoo's Nest,https://www.google.com/search?&q=one+flew+over+the+cuckoos+nest+watch+movie
19,Interstellar,https://www.google.com/search?&q=interstellar+watch+movie
20,Seven,https://www.google.com/search?&q=seven+watch+movie
21,It's a Wonderful Life,https://www.google.com/search?&q=its+a+wonderful+life+watch+movie
22,Seven Samurai,https://www.google.com/search?&q=seven+samurai+watch+movie
23,The Silence of the Lambs,https://www.google.com/search?&q=the+silence+of+the+lambs+watch+movie
24,Saving Private Ryan,https://www.google.com/search?&q=saving+private+ryan+watch+movie
25,City of God,https://www.google.com/search?&q=city+of+god+watch+movie
26,The Green Mile,https://www.google.com/search?&q=the+green+mile+watch+movie
27,Life Is Beautiful,https://www.google.com/search?&q=life+is+beautiful+watch+movie
28,Terminator 2: Judgment Day,https://www.google.com/search?&q=terminator+2+judgment+day+watch+movie
29,Star Wars: Episode IV - A New Hope,https://www.google.com/search?&q=star+wars+episode+iv+-+a+new+hope+watch+movie
30,Back to the Future,https://www.google.com/search?&q=back+to+the+future+watch+movie
31,Spirited Away,https://www.google.com/search?&q=spirited+away+watch+movie
32,The Pianist,https://www.google.com/search?&q=the+pianist+watch+movie
33,Parasite,https://www.google.com/search?&q=parasite+watch+movie
34,Psycho,https://www.google.com/search?&q=psycho+watch+movie
35,Gladiator,https://www.google.com/search?&q=gladiator+watch+movie
36,The Lion King,https://www.google.com/search?&q=the+lion+king+watch+movie
37,The Departed,https://www.google.com/search?&q=the+departed+watch+movie
38,Spider-Man: Across the Spider-Verse,https://www.google.com/search?&q=spider-man+across+the+spider-verse+watch+movie
39,Grave of the Fireflies,https://www.google.com/search?&q=grave+of+the+fireflies+watch+movie
40,Whiplash,https://www.google.com/search?&q=whiplash+watch+movie
41,American History X,https://www.google.com/search?&q=american+history+x+watch+movie
42,Leon,https://www.google.com/search?&q=leon+watch+movie
43,The Prestige,https://www.google.com/search?&q=the+prestige+watch+movie
44,Harakiri,https://www.google.com/search?&q=harakiri+watch+movie
45,Casablanca,https://www.google.com/search?&q=casablanca+watch+movie
46,The Usual Suspects,https://www.google.com/search?&q=the+usual+suspects+watch+movie
47,Untouchable,https://www.google.com/search?&q=untouchable+watch+movie
48,Cinema Paradiso,https://www.google.com/search?&q=cinema+paradiso+watch+movie
49,Dune: Part Two,https://www.google.com/search?&q=dune+part+two+watch+movie
50,Modern Times,https://www.google.com/search?&q=modern+times+watch+movie
51,Alien,https://www.google.com/search?&q=alien+watch+movie
52,Rear Window,https://www.google.com/search?&q=rear+window+watch+movie
53,Once Upon a Time in the West,https://www.google.com/search?&q=once+upon+a+time+in+the+west+watch+movie
54,Django Unchained,https://www.google.com/search?&q=django+unchained+watch+movie
55,City Lights,https://www.google.com/search?&q=city+lights+watch+movie
56,Apocalypse Now,https://www.google.com/search?&q=apocalypse+now+watch+movie
57,Memento,https://www.google.com/search?&q=memento+watch+movie
58,WALL·E,https://www.google.com/search?&q=wall·e+watch+movie
59,Raiders of the Lost Ark,https://www.google.com/search?&q=raiders+of+the+lost+ark+watch+movie
60,The Lives of Others,https://www.google.com/search?&q=the+lives+of+others+watch+movie
61,12th Fail,https://www.google.com/search?&q=12th+fail+watch+movie
62,Sunset Blvd.,https://www.google.com/search?&q=sunset+blvd+watch+movie
63,Avengers: Infinity War,https://www.google.com/search?&q=avengers+infinity+war+watch+movie
64,Paths of Glory,https://www.google.com/search?&q=paths+of+glory+watch+movie
65,Spider-Man: Into the Spider-Verse,https://www.google.com/search?&q=spider-man+into+the+spider-verse+watch+movie
66,Witness for the Prosecution,https://www.google.com/search?&q=witness+for+the+prosecution+watch+movie
67,The Shining,https://www.google.com/search?&q=the+shining+watch+movie
68,The Great Dictator,https://www.google.com/search?&q=the+great+dictator+watch+movie
69,Aliens,https://www.google.com/search?&q=aliens+watch+movie
70,Inglourious Basterds,https://www.google.com/search?&q=inglourious+basterds+watch+movie
71,The Dark Knight Rises,https://www.google.com/search?&q=the+dark+knight+rises+watch+movie
72,Coco,https://www.google.com/search?&q=coco+watch+movie
73,Amadeus,https://www.google.com/search?&q=amadeus+watch+movie
74,Toy Story,https://www.google.com/search?&q=toy+story+watch+movie
75,Dr. Strangelove or: How I Learned to Stop Worrying and Love the Bomb,https://www.google.com/search?&q=dr+strangelove+or+how+i+learned+to+stop+worrying+and+love+the+bomb+watch+movie
76,Oldboy,https://www.google.com/search?&q=oldboy+watch+movie
77,American Beauty,https://www.google.com/search?&q=american+beauty+watch+movie
78,Avengers: Endgame,https://www.google.com/search?&q=avengers+endgame+watch+movie
79,Das Boot,https://www.google.com/search?&q=das+boot+watch+movie
80,Good Will Hunting,https://www.google.com/search?&q=good+will+hunting+watch+movie
81,Braveheart,https://www.google.com/search?&q=braveheart+watch+movie
82,Princess Mononoke,https://www.google.com/search?&q=princess+mononoke+watch+movie
83,Your Name.,https://www.google.com/search?&q=your+name+watch+movie
84,High and Low,https://www.google.com/search?&q=high+and+low+watch+movie
85,Joker,https://www.google.com/search?&q=joker+watch+movie
86,3 Idiots,https://www.google.com/search?&q=3+idiots+watch+movie
87,Once Upon a Time in America,https://www.google.com/search?&q=once+upon+a+time+in+america+watch+movie
88,Singin' in the Rain,https://www.google.com/search?&q=singin+in+the+rain+watch+movie
89,Capernaum,https://www.google.com/search?&q=capernaum+watch+movie
90,Requiem for a Dream,https://www.google.com/search?&q=requiem+for+a+dream+watch+movie
91,Come and See,https://www.google.com/search?&q=come+and+see+watch+movie
92,Toy Story 3,https://www.google.com/search?&q=toy+story+3+watch+movie
93,Star Wars: Episode VI - Return of the Jedi,https://www.google.com/search?&q=star+wars+episode+vi+-+return+of+the+jedi+watch+movie
94,The Hunt,https://www.google.com/search?&q=the+hunt+watch+movie
95,Eternal Sunshine of the Spotless Mind,https://www.google.com/search?&q=eternal+sunshine+of+the+spotless+mind+watch+movie
96,Ikiru,https://www.google.com/search?&q=ikiru+watch+movie
97,2001: A Space Odyssey,https://www.google.com/search?&q=2001+a+space+odyssey+watch+movie
98,Reservoir Dogs,https://www.google.com/search?&q=reservoir+dogs+watch+movie
99,Lawrence of Arabia,https://www.google.com/search?&q=lawrence+of+arabia+watch+movie
100,The Apartment,https://www.google.com/search?&q=the+apartment+watch+movie
101,Incendies,https://www.google.com/search?&q=incendies+watch+movie
102,Scarface,https://www.google.com/search?&q=scarface+watch+movie
103,North by Northwest,https://www.google.com/search?&q=north+by+northwest+watch+movie
104,Double Indemnity,https://www.google.com/search?&q=double+indemnity+watch+movie
105,Citizen Kane,https://www.google.com/search?&q=citizen+kane+watch+movie
106,M,https://www.google.com/search?&q=m+watch+movie
107,Vertigo,https://www.google.com/search?&q=vertigo+watch+movie
108,Heat,https://www.google.com/search?&q=heat+watch+movie
109,Full Metal Jacket,https://www.google.com/search?&q=full+metal+jacket+watch+movie
110,Oppenheimer,https://www.google.com/search?&q=oppenheimer+watch+movie
111,Up,https://www.google.com/search?&q=up+watch+movie
112,Amélie,https://www.google.com/search?&q=amélie+watch+movie
113,A Clockwork Orange,https://www.google.com/search?&q=a+clockwork+orange+watch+movie
114,To Kill a Mockingbird,https://www.google.com/search?&q=to+kill+a+mockingbird+watch+movie
115,A Separation,https://www.google.com/search?&q=a+separation+watch+movie
116,The Sting,https://www.google.com/search?&q=the+sting+watch+movie
117,Die Hard,https://www.google.com/search?&q=die+hard+watch+movie
118,Indiana Jones and the Last Crusade,https://www.google.com/search?&q=indiana+jones+and+the+last+crusade+watch+movie
119,Like Stars on Earth,https://www.google.com/search?&q=like+stars+on+earth+watch+movie
120,Metropolis,https://www.google.com/search?&q=metropolis+watch+movie
121,Snatch,https://www.google.com/search?&q=snatch+watch+movie
122,1917,https://www.google.com/search?&q=1917+watch+movie
123,L.A. Confidential,https://www.google.com/search?&q=la+confidential+watch+movie
124,Bicycle Thieves,https://www.google.com/search?&q=bicycle+thieves+watch+movie
125,Downfall,https://www.google.com/search?&q=downfall+watch+movie
126,Taxi Driver,https://www.google.com/search?&q=taxi+driver+watch+movie
127,Hamilton,https://www.google.com/search?&q=hamilton+watch+movie
128,Dangal,https://www.google.com/search?&q=dangal+watch+movie
129,The Wolf of Wall Street,https://www.google.com/search?&q=the+wolf+of+wall+street+watch+movie
130,Batman Begins,https://www.google.com/search?&q=batman+begins+watch+movie
131,For a Few Dollars More,https://www.google.com/search?&q=for+a+few+dollars+more+watch+movie
132,Green Book,https://www.google.com/search?&q=green+book+watch+movie
133,Some Like It Hot,https://www.google.com/search?&q=some+like+it+hot+watch+movie
134,The Truman Show,https://www.google.com/search?&q=the+truman+show+watch+movie
135,Judgment at Nuremberg,https://www.google.com/search?&q=judgment+at+nuremberg+watch+movie
136,The Kid,https://www.google.com/search?&q=the+kid+watch+movie
137,The Father,https://www.google.com/search?&q=the+father+watch+movie
138,Shutter Island,https://www.google.com/search?&q=shutter+island+watch+movie
139,All About Eve,https://www.google.com/search?&q=all+about+eve+watch+movie
140,There Will Be Blood,https://www.google.com/search?&q=there+will+be+blood+watch+movie
141,Jurassic Park,https://www.google.com/search?&q=jurassic+park+watch+movie
142,Casino,https://www.google.com/search?&q=casino+watch+movie
143,Top Gun: Maverick,https://www.google.com/search?&q=top+gun+maverick+watch+movie
144,The Sixth Sense,https://www.google.com/search?&q=the+sixth+sense+watch+movie
145,Ran,https://www.google.com/search?&q=ran+watch+movie
146,Pan's Labyrinth,https://www.google.com/search?&q=pans+labyrinth+watch+movie
147,No Country for Old Men,https://www.google.com/search?&q=no+country+for+old+men+watch+movie
148,Unforgiven,https://www.google.com/search?&q=unforgiven+watch+movie
149,The Thing,https://www.google.com/search?&q=the+thing+watch+movie
150,A Beautiful Mind,https://www.google.com/search?&q=a+beautiful+mind+watch+movie
151,Kill Bill: Vol. 1,https://www.google.com/search?&q=kill+bill+vol+1+watch+movie
152,The Wild Robot,https://www.google.com/search?&q=the+wild+robot+watch+movie
153,The Treasure of the Sierra Madre,https://www.google.com/search?&q=the+treasure+of+the+sierra+madre+watch+movie
154,Yojimbo,https://www.google.com/search?&q=yojimbo+watch+movie
155,Prisoners,https://www.google.com/search?&q=prisoners+watch+movie
156,The Great Escape,https://www.google.com/search?&q=the+great+escape+watch+movie
157,Finding Nemo,https://www.google.com/search?&q=finding+nemo+watch+movie
158,Monty Python and the Holy Grail,https://www.google.com/search?&q=monty+python+and+the+holy+grail+watch+movie
159,Howl's Moving Castle,https://www.google.com/search?&q=howls+moving+castle+watch+movie
160,The Elephant Man,https://www.google.com/search?&q=the+elephant+man+watch+movie
161,Rashomon,https://www.google.com/search?&q=rashomon+watch+movie
162,Dial M for Murder,https://www.google.com/search?&q=dial+m+for+murder+watch+movie
163,Gone with the Wind,https://www.google.com/search?&q=gone+with+the+wind+watch+movie
164,Chinatown,https://www.google.com/search?&q=chinatown+watch+movie
165,The Secret in Their Eyes,https://www.google.com/search?&q=the+secret+in+their+eyes+watch+movie
166,"Lock, Stock and Two Smoking Barrels",https://www.google.com/search?&q=lock+stock+and+two+smoking+barrels+watch+movie
167,Inside Out,https://www.google.com/search?&q=inside+out+watch+movie
168,V for Vendetta,https://www.google.com/search?&q=v+for+vendetta+watch+movie
169,"Three Billboards Outside Ebbing, Missouri",https://www.google.com/search?&q=three+billboards+outside+ebbing+missouri+watch+movie
170,Raging Bull,https://www.google.com/search?&q=raging+bull+watch+movie
171,Klaus,https://www.google.com/search?&q=klaus+watch+movie
172,Trainspotting,https://www.google.com/search?&q=trainspotting+watch+movie
173,The Bridge on the River Kwai,https://www.google.com/search?&q=the+bridge+on+the+river+kwai+watch+movie
174,Catch Me If You Can,https://www.google.com/search?&q=catch+me+if+you+can+watch+movie
175,Fargo,https://www.google.com/search?&q=fargo+watch+movie
176,Warrior,https://www.google.com/search?&q=warrior+watch+movie
177,Spider-Man: No Way Home,https://www.google.com/search?&q=spider-man+no+way+home+watch+movie
178,Gran Torino,https://www.google.com/search?&q=gran+torino+watch+movie
179,Harry Potter and the Deathly Hallows: Part 2,https://www.google.com/search?&q=harry+potter+and+the+deathly+hallows+part+2+watch+movie
180,Million Dollar Baby,https://www.google.com/search?&q=million+dollar+baby+watch+movie
181,My Neighbour Totoro,https://www.google.com/search?&q=my+neighbour+totoro+watch+movie
182,Mad Max: Fury Road,https://www.google.com/search?&q=mad+max+fury+road+watch+movie
183,Ben-Hur,https://www.google.com/search?&q=ben-hur+watch+movie
184,Children of Heaven,https://www.google.com/search?&q=children+of+heaven+watch+movie
185,Barry Lyndon,https://www.google.com/search?&q=barry+lyndon+watch+movie
186,12 Years a Slave,https://www.google.com/search?&q=12+years+a+slave+watch+movie
187,Blade Runner,https://www.google.com/search?&q=blade+runner+watch+movie
188,Before Sunrise,https://www.google.com/search?&q=before+sunrise+watch+movie
189,The Grand Budapest Hotel,https://www.google.com/search?&q=the+grand+budapest+hotel+watch+movie
190,Hacksaw Ridge,https://www.google.com/search?&q=hacksaw+ridge+watch+movie
191,Dead Poets Society,https://www.google.com/search?&q=dead+poets+society+watch+movie
192,Gone Girl,https://www.google.com/search?&q=gone+girl+watch+movie
193,Memories of Murder,https://www.google.com/search?&q=memories+of+murder+watch+movie
194,In the Name of the Father,https://www.google.com/search?&q=in+the+name+of+the+father+watch+movie
195,The Gold Rush,https://www.google.com/search?&q=the+gold+rush+watch+movie
196,Maharaja,https://www.google.com/search?&q=maharaja+watch+movie
197,"Monsters, Inc.",https://www.google.com/search?&q=monsters+inc+watch+movie
198,Wild Tales,https://www.google.com/search?&q=wild+tales+watch+movie
199,Ratatouille,https://www.google.com/search?&q=ratatouille+watch+movie
200,The Deer Hunter,https://www.google.com/search?&q=the+deer+hunter+watch+movie
201,How to Train Your Dragon,https://www.google.com/search?&q=how+to+train+your+dragon+watch+movie
202,Jaws,https://www.google.com/search?&q=jaws+watch+movie
203,Sherlock Jr.,https://www.google.com/search?&q=sherlock+jr+watch+movie
204,The General,https://www.google.com/search?&q=the+general+watch+movie
205,Mary and Max,https://www.google.com/search?&q=mary+and+max+watch+movie
206,On the Waterfront,https://www.google.com/search?&q=on+the+waterfront+watch+movie
207,The Wages of Fear,https://www.google.com/search?&q=the+wages+of+fear+watch+movie
208,Le Mans '66,https://www.google.com/search?&q=le+mans+66+watch+movie
209,Wild Strawberries,https://www.google.com/search?&q=wild+strawberries+watch+movie
210,Mr. Smith Goes to Washington,https://www.google.com/search?&q=mr+smith+goes+to+washington+watch+movie
211,The Third Man,https://www.google.com/search?&q=the+third+man+watch+movie
212,Logan,https://www.google.com/search?&q=logan+watch+movie
213,Rocky,https://www.google.com/search?&q=rocky+watch+movie
214,Tokyo Story,https://www.google.com/search?&q=tokyo+story+watch+movie
215,The Big Lebowski,https://www.google.com/search?&q=the+big+lebowski+watch+movie
216,The Seventh Seal,https://www.google.com/search?&q=the+seventh+seal+watch+movie
217,Room,https://www.google.com/search?&q=room+watch+movie
218,Spotlight,https://www.google.com/search?&q=spotlight+watch+movie
219,The Terminator,https://www.google.com/search?&q=the+terminator+watch+movie
220,Hotel Rwanda,https://www.google.com/search?&q=hotel+rwanda+watch+movie
221,Platoon,https://www.google.com/search?&q=platoon+watch+movie
222,Pirates of the Caribbean: The Curse of the Black Pearl,https://www.google.com/search?&q=pirates+of+the+caribbean+the+curse+of+the+black+pearl+watch+movie
223,La haine,https://www.google.com/search?&q=la+haine+watch+movie
224,Jai Bhim,https://www.google.com/search?&q=jai+bhim+watch+movie
225,The Passion of Joan of Arc,https://www.google.com/search?&q=the+passion+of+joan+of+arc+watch+movie
226,Before Sunset,https://www.google.com/search?&q=before+sunset+watch+movie
227,The Best Years of Our Lives,https://www.google.com/search?&q=the+best+years+of+our+lives+watch+movie
228,The Exorcist,https://www.google.com/search?&q=the+exorcist+watch+movie
229,Rush,https://www.google.com/search?&q=rush+watch+movie
230,The Incredibles,https://www.google.com/search?&q=the+incredibles+watch+movie
231,A Man Escaped,https://www.google.com/search?&q=a+man+escaped+watch+movie
232,The Wizard of Oz,https://www.google.com/search?&q=the+wizard+of+oz+watch+movie
233,Network,https://www.google.com/search?&q=network+watch+movie
234,Stand by Me,https://www.google.com/search?&q=stand+by+me+watch+movie
235,Hachi: A Dog's Tale,https://www.google.com/search?&q=hachi+a+dogs+tale+watch+movie
236,The Sound of Music,https://www.google.com/search?&q=the+sound+of+music+watch+movie
237,My Father and My Son,https://www.google.com/search?&q=my+father+and+my+son+watch+movie
238,To Be or Not to Be,https://www.google.com/search?&q=to+be+or+not+to+be+watch+movie
239,The Handmaiden,https://www.google.com/search?&q=the+handmaiden+watch+movie
240,Into the Wild,https://www.google.com/search?&q=into+the+wild+watch+movie
241,The Battle of Algiers,https://www.google.com/search?&q=the+battle+of+algiers+watch+movie
242,The Iron Giant,https://www.google.com/search?&q=the+iron+giant+watch+movie
243,The Grapes of Wrath,https://www.google.com/search?&q=the+grapes+of+wrath+watch+movie
244,Groundhog Day,https://www.google.com/search?&q=groundhog+day+watch+movie
245,Amores perros,https://www.google.com/search?&q=amores+perros+watch+movie
246,Rebecca,https://www.google.com/search?&q=rebecca+watch+movie
247,The Help,https://www.google.com/search?&q=the+help+watch+movie
248,Cool Hand Luke,https://www.google.com/search?&q=cool+hand+luke+watch+movie
249,A Silent Voice,https://www.google.com/search?&q=a+silent+voice+watch+movie
250,"Paris, Texas",https://www.google.com/search?&q=paris+texas+watch+movie
